<?xml version="1.0" encoding="UTF-8"?><feed xmlns="http://www.w3.org/2005/Atom"><id>urn:iweb:82EB7208-B2AF-4F74-AE69-D4CAA2FC3A35</id><title>Page list Atom feed</title><updated>2009-05-07T10:05:31-05:00</updated><link rel="self" href="feed.xml"/><generator>iWeb</generator><author><name>iWeb</name></author><entry><id>urn:iweb:00F15FFE-C128-45CB-A24D-37EA827EFA6F</id><title>home</title><title xmlns="urn:iweb:">home</title><in-navbar xmlns="urn:iweb:">00F15FFE-C128-45CB-A24D-37EA827EFA6F</in-navbar><link rel="alternate" href="home.html"/><updated>2009-05-07T10:05:31.001-05:00</updated><content>home</content></entry><entry><id>urn:iweb:97CAC352-75CD-4429-AC32-ED4CCE13A778</id><title>downloads</title><title xmlns="urn:iweb:">downloads</title><in-navbar xmlns="urn:iweb:">97CAC352-75CD-4429-AC32-ED4CCE13A778</in-navbar><link rel="alternate" href="downloads.html"/><updated>2009-05-07T10:05:31.002-05:00</updated><content>downloads</content></entry></feed>