<?xml version="1.0" encoding="utf-8" ?><dwsync><file name="Aplus.gif" server="apluspermit.com" local="3475171328" remote="318763443741695712" Dst="-1" /><file name="AplusSmall.gif" server="apluspermit.com" local="3475171329" remote="318763443741695712" Dst="-1" /><file name="Aplus.bmp" server="apluspermit.com" local="3475171329" remote="318763443741695712" Dst="-1" /><file name="blkbar.gif" server="apluspermit.com" local="3475171329" remote="318763443741695712" Dst="-1" /><file name="nsmail-1.jpg" server="apluspermit.com" local="3475171329" remote="318763443741695712" Dst="-1" /><file name="nsmail-3.gif" server="apluspermit.com" local="3475171330" remote="318763443741695712" Dst="-1" /><file name="nsmail-4.gif" server="apluspermit.com" local="3475171330" remote="318763443741695712" Dst="-1" /><file name="nsmail-5.gif" server="apluspermit.com" local="3475171330" remote="318763443741695712" Dst="-1" /><file name="redbar.bmp" server="apluspermit.com" local="3475171330" remote="318763443741695712" Dst="-1" /><file name="redbar.gif" server="apluspermit.com" local="3475171331" remote="318763443741695712" Dst="-1" /></dwsync>