<?xml version="1.0" encoding="utf-8" ?><dwsync><file name="CityOfHouston6ServiceUnitExpecited.pdf" server="apluspermit.com" local="3475171318" remote="318763443741695712" Dst="-1" /><file name="CityOfHouston6ServiceUnitExpecitedInstructions.pdf" server="apluspermit.com" local="3475171318" remote="318763443741695712" Dst="-1" /><file name="CityOfHoustonCommercialBuildingPermit.pdf" server="apluspermit.com" local="3475171319" remote="318763443741695712" Dst="-1" /><file name="CityOfHoustonTapsAndMetersContractors.pdf" server="apluspermit.com" local="3475171320" remote="318763443741695712" Dst="-1" /><file name="CityOfHoustonWaterMeterApp.pdf" server="apluspermit.com" local="3475171320" remote="318763443741695712" Dst="-1" /><file name="CityOfHoustonEnergyCompliance.pdf" server="apluspermit.com" local="3475171321" remote="318763443741695712" Dst="-1" /><file name="CityofHoustonWasteWaterApp.pdf" server="apluspermit.com" local="3475171323" remote="318763443741695712" Dst="-1" /><file name="CityofHoustonWasteWaterAppInstructions.pdf" server="apluspermit.com" local="3475171324" remote="318763443741695712" Dst="-1" /><file name="CityofKatyBuildingPermint.pdf" server="apluspermit.com" local="3475171325" remote="318763443741695712" Dst="-1" /><file name="CityofHoustonDevSitePlan.pdf" server="apluspermit.com" local="3475171325" remote="318763443741695712" Dst="-1" /><file name="OffStreetParking.pdf" server="apluspermit.com" local="3475171326" remote="318763443741695712" Dst="-1" /><file name="downloads.html" server="apluspermit.com" local="3475171327" remote="318763443741695712" Dst="-1" /><file name="favicon.ico" server="apluspermit.com" local="3475171327" remote="318763443741695712" Dst="-1" /><file name="gdform.php" server="apluspermit.com" local="3475171327" remote="318763443741695712" Dst="-1" /><file name="index.htm" server="apluspermit.com" local="3475171331" remote="318763443741695712" Dst="-1" /><file name="index.html" server="apluspermit.com" local="3475171331" remote="318763443741695712" Dst="-1" /><file name="welcome.html" server="apluspermit.com" local="3475171331" remote="318763443741695712" Dst="-1" /><file name="DevelopmentSiteReviewVariance.pdf" server="apluspermit.com" local="3475171332" remote="318763443741695712" Dst="-1" /></dwsync>