<?xml version="1.0" encoding="utf-8" ?><dwsync><file name="downloads.html" server="apluspermit.com" local="3475171071" remote="318763443741695712" Dst="-1" /><file name="favicon.ico" server="apluspermit.com" local="3475171313" remote="318763443741695712" Dst="-1" /><file name="feed.xml" server="apluspermit.com" local="3475171314" remote="318763443741695712" Dst="-1" /><file name="home.html" server="apluspermit.com" local="3475171315" remote="318763443741695712" Dst="-1" /><file name="gdform.php" server="apluspermit.com" local="3475171315" remote="318763443741695712" Dst="-1" /><file name="index.html" server="apluspermit.com" local="3475171317" remote="318763443741695712" Dst="-1" /><file name="missing.html" server="apluspermit.com" local="3475171317" remote="318763443752319312" Dst="-1" /><file name="welcome.html" server="apluspermit.com" local="3475171333" remote="318763443741695712" Dst="-1" /></dwsync>